"Data Source","World Development Indicators",

"Last Updated Date","2025-01-28",

"Country Name","Country Code","Indicator Name","Indicator Code","1960","1961","1962","1963","1964","1965","1966","1967","1968","1969","1970","1971","1972","1973","1974","1975","1976","1977","1978","1979","1980","1981","1982","1983","1984","1985","1986","1987","1988","1989","1990","1991","1992","1993","1994","1995","1996","1997","1998","1999","2000","2001","2002","2003","2004","2005","2006","2007","2008","2009","2010","2011","2012","2013","2014","2015","2016","2017","2018","2019","2020","2021","2022","2023",
"Aruba","ABW","UHC service coverage index","SH.UHC.SRVS.CV.XD","","","","","","","","","","","","","","","","","","","","","","","","","","","","","","","","","","","","","","","","","","","","","","","","","","","","","","","","","","","","","","","","",
"Africa Eastern and Southern","AFE","UHC service coverage index","SH.UHC.SRVS.CV.XD","","","","","","","","","","","","","","","","","","","","","","","","","","","","","","","","","","","","","","","","","","","","","","","","","","","","","","","","","","","","","","","","",
"Afghanistan","AFG","UHC service coverage index","SH.UHC.SRVS.CV.XD","","","","","","","","","","","","","","","","","","","","","","","","","","","","","","","","","","","","","","","","","23","","","","","28","","","","","29","","","","","36","","41","","42","","41","","",
"Africa Western and Central","AFW","UHC service coverage index","SH.UHC.SRVS.CV.XD","","","","","","","","","","","","","","","","","","","","","","","","","","","","","","","","","","","","","","","","","","","","","","","","","","","","","","","","","","","","","","","","",
"Angola","AGO","UHC service coverage index","SH.UHC.SRVS.CV.XD","","","","","","","","","","","","","","","","","","","","","","","","","","","","","","","","","","","","","","","","","21","","","","","24","","","","","31","","","","","36","","40","","39","","37","","",
"Albania","ALB","UHC service coverage index","SH.UHC.SRVS.CV.XD","","","","","","","","","","","","","","","","","","","","","","","","","","","","","","","","","","","","","","","","","43","","","","","52","","","","","57","","","","","61","","61","","64","","64","","",
"Andorra","AND","UHC service coverage index","SH.UHC.SRVS.CV.XD","","","","","","","","","","","","","","","","","","","","","","","","","","","","","","","","","","","","","","","","","67","","","","","71","","","","","74","","","","","75","","76","","78","","79","","",
"Arab World","ARB","UHC service coverage index","SH.UHC.SRVS.CV.XD","","","","","","","","","","","","","","","","","","","","","","","","","","","","","","","","","","","","","","","","","","","","","","","","","","","","","","","","","","","","","","","","",
"United Arab Emirates","ARE","UHC service coverage index","SH.UHC.SRVS.CV.XD","","","","","","","","","","","","","","","","","","","","","","","","","","","","","","","","","","","","","","","","","48","","","","","59","","","","","62","","","","","72","","73","","75","","82","","",
"Argentina","ARG","UHC service coverage index","SH.UHC.SRVS.CV.XD","","","","","","","","","","","","","","","","","","","","","","","","","","","","","","","","","","","","","","","","","68","","","","","74","","","","","76","","","","","80","","79","","78","","79","","",
"Armenia","ARM","UHC service coverage index","SH.UHC.SRVS.CV.XD","","","","","","","","","","","","","","","","","","","","","","","","","","","","","","","","","","","","","","","","","44","","","","","51","","","","","60","","","","","67","","69","","70","","68","","",
"American Samoa","ASM","UHC service coverage index","SH.UHC.SRVS.CV.XD","","","","","","","","","","","","","","","","","","","","","","","","","","","","","","","","","","","","","","","","","","","","","","","","","","","","","","","","","","","","","","","","",
"Antigua and Barbuda","ATG","UHC service coverage index","SH.UHC.SRVS.CV.XD","","","","","","","","","","","","","","","","","","","","","","","","","","","","","","","","","","","","","","","","","54","","","","","67","","","","","73","","","","","78","","77","","75","","76","","",
"Australia","AUS","UHC service coverage index","SH.UHC.SRVS.CV.XD","","","","","","","","","","","","","","","","","","","","","","","","","","","","","","","","","","","","","","","","","81","","","","","83","","","","","84","","","","","87","","87","","87","","87","","",
"Austria","AUT","UHC service coverage index","SH.UHC.SRVS.CV.XD","","","","","","","","","","","","","","","","","","","","","","","","","","","","","","","","","","","","","","","","","70","","","","","77","","","","","81","","","","","84","","84","","84","","85","","",
"Azerbaijan","AZE","UHC service coverage index","SH.UHC.SRVS.CV.XD","","","","","","","","","","","","","","","","","","","","","","","","","","","","","","","","","","","","","","","","","42","","","","","38","","","","","51","","","","","62","","64","","67","","66","","",
"Burundi","BDI","UHC service coverage index","SH.UHC.SRVS.CV.XD","","","","","","","","","","","","","","","","","","","","","","","","","","","","","","","","","","","","","","","","","19","","","","","24","","","","","33","","","","","40","","40","","42","","41","","",
"Belgium","BEL","UHC service coverage index","SH.UHC.SRVS.CV.XD","","","","","","","","","","","","","","","","","","","","","","","","","","","","","","","","","","","","","","","","","77","","","","","81","","","","","83","","","","","86","","87","","87","","86","","",
"Benin","BEN","UHC service coverage index","SH.UHC.SRVS.CV.XD","","","","","","","","","","","","","","","","","","","","","","","","","","","","","","","","","","","","","","","","","21","","","","","22","","","","","33","","","","","35","","34","","35","","38","","",
"Burkina Faso","BFA","UHC service coverage index","SH.UHC.SRVS.CV.XD","","","","","","","","","","","","","","","","","","","","","","","","","","","","","","","","","","","","","","","","","15","","","","","21","","","","","30","","","","","35","","38","","38","","40","","",
"Bangladesh","BGD","UHC service coverage index","SH.UHC.SRVS.CV.XD","","","","","","","","","","","","","","","","","","","","","","","","","","","","","","","","","","","","","","","","","23","","","","","27","","","","","37","","","","","45","","48","","50","","52","","",
"Bulgaria","BGR","UHC service coverage index","SH.UHC.SRVS.CV.XD","","","","","","","","","","","","","","","","","","","","","","","","","","","","","","","","","","","","","","","","","56","","","","","61","","","","","65","","","","","70","","72","","76","","73","","",
"Bahrain","BHR","UHC service coverage index","SH.UHC.SRVS.CV.XD","","","","","","","","","","","","","","","","","","","","","","","","","","","","","","","","","","","","","","","","","60","","","","","64","","","","","68","","","","","73","","74","","76","","76","","",
"Bahamas, The","BHS","UHC service coverage index","SH.UHC.SRVS.CV.XD","","","","","","","","","","","","","","","","","","","","","","","","","","","","","","","","","","","","","","","","","54","","","","","71","","","","","73","","","","","77","","79","","79","","77","","",
"Bosnia and Herzegovina","BIH","UHC service coverage index","SH.UHC.SRVS.CV.XD","","","","","","","","","","","","","","","","","","","","","","","","","","","","","","","","","","","","","","","","","44","","","","","61","","","","","62","","","","","68","","70","","67","","66","","",
"Belarus","BLR","UHC service coverage index","SH.UHC.SRVS.CV.XD","","","","","","","","","","","","","","","","","","","","","","","","","","","","","","","","","","","","","","","","","53","","","","","59","","","","","70","","","","","76","","78","","81","","79","","",
"Belize","BLZ","UHC service coverage index","SH.UHC.SRVS.CV.XD","","","","","","","","","","","","","","","","","","","","","","","","","","","","","","","","","","","","","","","","","47","","","","","58","","","","","64","","","","","69","","68","","69","","68","","",
"Bermuda","BMU","UHC service coverage index","SH.UHC.SRVS.CV.XD","","","","","","","","","","","","","","","","","","","","","","","","","","","","","","","","","","","","","","","","","","","","","","","","","","","","","","","","","","","","","","","","",
"Bolivia","BOL","UHC service coverage index","SH.UHC.SRVS.CV.XD","","","","","","","","","","","","","","","","","","","","","","","","","","","","","","","","","","","","","","","","","37","","","","","39","","","","","47","","","","","60","","64","","65","","65","","",
"Brazil","BRA","UHC service coverage index","SH.UHC.SRVS.CV.XD","","","","","","","","","","","","","","","","","","","","","","","","","","","","","","","","","","","","","","","","","68","","","","","73","","","","","76","","","","","82","","82","","81","","80","","",
"Barbados","BRB","UHC service coverage index","SH.UHC.SRVS.CV.XD","","","","","","","","","","","","","","","","","","","","","","","","","","","","","","","","","","","","","","","","","54","","","","","72","","","","","75","","","","","80","","80","","79","","77","","",
"Brunei Darussalam","BRN","UHC service coverage index","SH.UHC.SRVS.CV.XD","","","","","","","","","","","","","","","","","","","","","","","","","","","","","","","","","","","","","","","","","49","","","","","64","","","","","70","","","","","75","","78","","77","","78","","",
"Bhutan","BTN","UHC service coverage index","SH.UHC.SRVS.CV.XD","","","","","","","","","","","","","","","","","","","","","","","","","","","","","","","","","","","","","","","","","35","","","","","37","","","","","44","","","","","53","","56","","60","","60","","",
"Botswana","BWA","UHC service coverage index","SH.UHC.SRVS.CV.XD","","","","","","","","","","","","","","","","","","","","","","","","","","","","","","","","","","","","","","","","","35","","","","","48","","","","","54","","","","","58","","58","","55","","55","","",
"Central African Republic","CAF","UHC service coverage index","SH.UHC.SRVS.CV.XD","","","","","","","","","","","","","","","","","","","","","","","","","","","","","","","","","","","","","","","","","18","","","","","19","","","","","26","","","","","30","","30","","31","","32","","",
"Canada","CAN","UHC service coverage index","SH.UHC.SRVS.CV.XD","","","","","","","","","","","","","","","","","","","","","","","","","","","","","","","","","","","","","","","","","74","","","","","79","","","","","83","","","","","90","","90","","91","","91","","",
"Central Europe and the Baltics","CEB","UHC service coverage index","SH.UHC.SRVS.CV.XD","","","","","","","","","","","","","","","","","","","","","","","","","","","","","","","","","","","","","","","","","","","","","","","","","","","","","","","","","","","","","","","","",
"Switzerland","CHE","UHC service coverage index","SH.UHC.SRVS.CV.XD","","","","","","","","","","","","","","","","","","","","","","","","","","","","","","","","","","","","","","","","","75","","","","","79","","","","","82","","","","","84","","86","","86","","86","","",
"Channel Islands","CHI","UHC service coverage index","SH.UHC.SRVS.CV.XD","","","","","","","","","","","","","","","","","","","","","","","","","","","","","","","","","","","","","","","","","","","","","","","","","","","","","","","","","","","","","","","","",
"Chile","CHL","UHC service coverage index","SH.UHC.SRVS.CV.XD","","","","","","","","","","","","","","","","","","","","","","","","","","","","","","","","","","","","","","","","","65","","","","","74","","","","","77","","","","","79","","82","","82","","82","","",
"China","CHN","UHC service coverage index","SH.UHC.SRVS.CV.XD","","","","","","","","","","","","","","","","","","","","","","","","","","","","","","","","","","","","","","","","","47","","","","","57","","","","","66","","","","","76","","79","","81","","81","","",
"Cote d'Ivoire","CIV","UHC service coverage index","SH.UHC.SRVS.CV.XD","","","","","","","","","","","","","","","","","","","","","","","","","","","","","","","","","","","","","","","","","22","","","","","25","","","","","33","","","","","43","","44","","41","","43","","",
"Cameroon","CMR","UHC service coverage index","SH.UHC.SRVS.CV.XD","","","","","","","","","","","","","","","","","","","","","","","","","","","","","","","","","","","","","","","","","22","","","","","28","","","","","33","","","","","42","","43","","43","","44","","",
"Congo, Dem. Rep.","COD","UHC service coverage index","SH.UHC.SRVS.CV.XD","","","","","","","","","","","","","","","","","","","","","","","","","","","","","","","","","","","","","","","","","21","","","","","23","","","","","30","","","","","37","","40","","40","","42","","",
"Congo, Rep.","COG","UHC service coverage index","SH.UHC.SRVS.CV.XD","","","","","","","","","","","","","","","","","","","","","","","","","","","","","","","","","","","","","","","","","21","","","","","25","","","","","30","","","","","38","","36","","39","","41","","",
"Colombia","COL","UHC service coverage index","SH.UHC.SRVS.CV.XD","","","","","","","","","","","","","","","","","","","","","","","","","","","","","","","","","","","","","","","","","52","","","","","63","","","","","68","","","","","78","","80","","80","","80","","",
"Comoros","COM","UHC service coverage index","SH.UHC.SRVS.CV.XD","","","","","","","","","","","","","","","","","","","","","","","","","","","","","","","","","","","","","","","","","26","","","","","32","","","","","39","","","","","44","","46","","46","","48","","",
"Cabo Verde","CPV","UHC service coverage index","SH.UHC.SRVS.CV.XD","","","","","","","","","","","","","","","","","","","","","","","","","","","","","","","","","","","","","","","","","43","","","","","54","","","","","63","","","","","68","","70","","69","","71","","",
"Costa Rica","CRI","UHC service coverage index","SH.UHC.SRVS.CV.XD","","","","","","","","","","","","","","","","","","","","","","","","","","","","","","","","","","","","","","","","","66","","","","","70","","","","","75","","","","","77","","81","","82","","81","","",
"Caribbean small states","CSS","UHC service coverage index","SH.UHC.SRVS.CV.XD","","","","","","","","","","","","","","","","","","","","","","","","","","","","","","","","","","","","","","","","","","","","","","","","","","","","","","","","","","","","","","","","",
"Cuba","CUB","UHC service coverage index","SH.UHC.SRVS.CV.XD","","","","","","","","","","","","","","","","","","","","","","","","","","","","","","","","","","","","","","","","","56","","","","","71","","","","","78","","","","","84","","84","","83","","83","","",
"Curacao","CUW","UHC service coverage index","SH.UHC.SRVS.CV.XD","","","","","","","","","","","","","","","","","","","","","","","","","","","","","","","","","","","","","","","","","","","","","","","","","","","","","","","","","","","","","","","","",
"Cayman Islands","CYM","UHC service coverage index","SH.UHC.SRVS.CV.XD","","","","","","","","","","","","","","","","","","","","","","","","","","","","","","","","","","","","","","","","","","","","","","","","","","","","","","","","","","","","","","","","",
"Cyprus","CYP","UHC service coverage index","SH.UHC.SRVS.CV.XD","","","","","","","","","","","","","","","","","","","","","","","","","","","","","","","","","","","","","","","","","51","","","","","67","","","","","70","","","","","78","","81","","81","","81","","",
"Czechia","CZE","UHC service coverage index","SH.UHC.SRVS.CV.XD","","","","","","","","","","","","","","","","","","","","","","","","","","","","","","","","","","","","","","","","","77","","","","","77","","","","","80","","","","","82","","84","","83","","84","","",
"Germany","DEU","UHC service coverage index","SH.UHC.SRVS.CV.XD","","","","","","","","","","","","","","","","","","","","","","","","","","","","","","","","","","","","","","","","","79","","","","","83","","","","","85","","","","","88","","88","","88","","88","","",
"Djibouti","DJI","UHC service coverage index","SH.UHC.SRVS.CV.XD","","","","","","","","","","","","","","","","","","","","","","","","","","","","","","","","","","","","","","","","","23","","","","","28","","","","","37","","","","","41","","45","","45","","44","","",
"Dominica","DMA","UHC service coverage index","SH.UHC.SRVS.CV.XD","","","","","","","","","","","","","","","","","","","","","","","","","","","","","","","","","","","","","","","","","49","","","","","60","","","","","66","","","","","70","","70","","72","","49","","",
"Denmark","DNK","UHC service coverage index","SH.UHC.SRVS.CV.XD","","","","","","","","","","","","","","","","","","","","","","","","","","","","","","","","","","","","","","","","","72","","","","","74","","","","","77","","","","","80","","81","","82","","82","","",
"Dominican Republic","DOM","UHC service coverage index","SH.UHC.SRVS.CV.XD","","","","","","","","","","","","","","","","","","","","","","","","","","","","","","","","","","","","","","","","","51","","","","","57","","","","","70","","","","","75","","75","","75","","77","","",
"Algeria","DZA","UHC service coverage index","SH.UHC.SRVS.CV.XD","","","","","","","","","","","","","","","","","","","","","","","","","","","","","","","","","","","","","","","","","56","","","","","61","","","","","67","","","","","74","","74","","74","","74","","",
"East Asia & Pacific (excluding high income)","EAP","UHC service coverage index","SH.UHC.SRVS.CV.XD","","","","","","","","","","","","","","","","","","","","","","","","","","","","","","","","","","","","","","","","","","","","","","","","","","","","","","","","","","","","","","","","",
"Early-demographic dividend","EAR","UHC service coverage index","SH.UHC.SRVS.CV.XD","","","","","","","","","","","","","","","","","","","","","","","","","","","","","","","","","","","","","","","","","","","","","","","","","","","","","","","","","","","","","","","","",
"East Asia & Pacific","EAS","UHC service coverage index","SH.UHC.SRVS.CV.XD","","","","","","","","","","","","","","","","","","","","","","","","","","","","","","","","","","","","","","","","","46","","","","","54","","","","","63","","","","","71","","74","","76","","75","","",
"Europe & Central Asia (excluding high income)","ECA","UHC service coverage index","SH.UHC.SRVS.CV.XD","","","","","","","","","","","","","","","","","","","","","","","","","","","","","","","","","","","","","","","","","","","","","","","","","","","","","","","","","","","","","","","","",
"Europe & Central Asia","ECS","UHC service coverage index","SH.UHC.SRVS.CV.XD","","","","","","","","","","","","","","","","","","","","","","","","","","","","","","","","","","","","","","","","","64","","","","","68","","","","","75","","","","","79","","80","","81","","81","","",
"Ecuador","ECU","UHC service coverage index","SH.UHC.SRVS.CV.XD","","","","","","","","","","","","","","","","","","","","","","","","","","","","","","","","","","","","","","","","","51","","","","","58","","","","","68","","","","","77","","78","","79","","77","","",
"Egypt, Arab Rep.","EGY","UHC service coverage index","SH.UHC.SRVS.CV.XD","","","","","","","","","","","","","","","","","","","","","","","","","","","","","","","","","","","","","","","","","50","","","","","52","","","","","62","","","","","65","","69","","70","","70","","",
"Euro area","EMU","UHC service coverage index","SH.UHC.SRVS.CV.XD","","","","","","","","","","","","","","","","","","","","","","","","","","","","","","","","","","","","","","","","","","","","","","","","","","","","","","","","","","","","","","","","",
"Eritrea","ERI","UHC service coverage index","SH.UHC.SRVS.CV.XD","","","","","","","","","","","","","","","","","","","","","","","","","","","","","","","","","","","","","","","","","26","","","","","32","","","","","40","","","","","45","","46","","46","","45","","",
"Spain","ESP","UHC service coverage index","SH.UHC.SRVS.CV.XD","","","","","","","","","","","","","","","","","","","","","","","","","","","","","","","","","","","","","","","","","69","","","","","74","","","","","78","","","","","85","","86","","85","","85","","",
"Estonia","EST","UHC service coverage index","SH.UHC.SRVS.CV.XD","","","","","","","","","","","","","","","","","","","","","","","","","","","","","","","","","","","","","","","","","60","","","","","62","","","","","72","","","","","77","","78","","79","","79","","",
"Ethiopia","ETH","UHC service coverage index","SH.UHC.SRVS.CV.XD","","","","","","","","","","","","","","","","","","","","","","","","","","","","","","","","","","","","","","","","","13","","","","","17","","","","","27","","","","","34","","35","","36","","35","","",
"European Union","EUU","UHC service coverage index","SH.UHC.SRVS.CV.XD","","","","","","","","","","","","","","","","","","","","","","","","","","","","","","","","","","","","","","","","","","","","","","","","","","","","","","","","","","","","","","","","",
"Fragile and conflict affected situations","FCS","UHC service coverage index","SH.UHC.SRVS.CV.XD","","","","","","","","","","","","","","","","","","","","","","","","","","","","","","","","","","","","","","","","","","","","","","","","","","","","","","","","","","","","","","","","",
"Finland","FIN","UHC service coverage index","SH.UHC.SRVS.CV.XD","","","","","","","","","","","","","","","","","","","","","","","","","","","","","","","","","","","","","","","","","75","","","","","81","","","","","84","","","","","86","","85","","85","","86","","",
"Fiji","FJI","UHC service coverage index","SH.UHC.SRVS.CV.XD","","","","","","","","","","","","","","","","","","","","","","","","","","","","","","","","","","","","","","","","","42","","","","","50","","","","","52","","","","","60","","59","","59","","58","","",
"France","FRA","UHC service coverage index","SH.UHC.SRVS.CV.XD","","","","","","","","","","","","","","","","","","","","","","","","","","","","","","","","","","","","","","","","","79","","","","","81","","","","","82","","","","","84","","85","","84","","85","","",
"Faroe Islands","FRO","UHC service coverage index","SH.UHC.SRVS.CV.XD","","","","","","","","","","","","","","","","","","","","","","","","","","","","","","","","","","","","","","","","","","","","","","","","","","","","","","","","","","","","","","","","",
"Micronesia, Fed. Sts.","FSM","UHC service coverage index","SH.UHC.SRVS.CV.XD","","","","","","","","","","","","","","","","","","","","","","","","","","","","","","","","","","","","","","","","","36","","","","","39","","","","","47","","","","","46","","49","","46","","48","","",
"Gabon","GAB","UHC service coverage index","SH.UHC.SRVS.CV.XD","","","","","","","","","","","","","","","","","","","","","","","","","","","","","","","","","","","","","","","","","28","","","","","37","","","","","45","","","","","50","","51","","49","","49","","",
"United Kingdom","GBR","UHC service coverage index","SH.UHC.SRVS.CV.XD","","","","","","","","","","","","","","","","","","","","","","","","","","","","","","","","","","","","","","","","","72","","","","","79","","","","","83","","","","","85","","86","","87","","88","","",
"Georgia","GEO","UHC service coverage index","SH.UHC.SRVS.CV.XD","","","","","","","","","","","","","","","","","","","","","","","","","","","","","","","","","","","","","","","","","47","","","","","61","","","","","69","","","","","71","","70","","69","","68","","",
"Ghana","GHA","UHC service coverage index","SH.UHC.SRVS.CV.XD","","","","","","","","","","","","","","","","","","","","","","","","","","","","","","","","","","","","","","","","","24","","","","","26","","","","","35","","","","","44","","45","","46","","48","","",
"Gibraltar","GIB","UHC service coverage index","SH.UHC.SRVS.CV.XD","","","","","","","","","","","","","","","","","","","","","","","","","","","","","","","","","","","","","","","","","","","","","","","","","","","","","","","","","","","","","","","","",
"Guinea","GIN","UHC service coverage index","SH.UHC.SRVS.CV.XD","","","","","","","","","","","","","","","","","","","","","","","","","","","","","","","","","","","","","","","","","16","","","","","19","","","","","26","","","","","33","","36","","39","","40","","",
"Gambia, The","GMB","UHC service coverage index","SH.UHC.SRVS.CV.XD","","","","","","","","","","","","","","","","","","","","","","","","","","","","","","","","","","","","","","","","","29","","","","","36","","","","","41","","","","","43","","44","","46","","46","","",
"Guinea-Bissau","GNB","UHC service coverage index","SH.UHC.SRVS.CV.XD","","","","","","","","","","","","","","","","","","","","","","","","","","","","","","","","","","","","","","","","","19","","","","","23","","","","","29","","","","","37","","38","","36","","37","","",
"Equatorial Guinea","GNQ","UHC service coverage index","SH.UHC.SRVS.CV.XD","","","","","","","","","","","","","","","","","","","","","","","","","","","","","","","","","","","","","","","","","20","","","","","23","","","","","29","","","","","41","","44","","44","","46","","",
"Greece","GRC","UHC service coverage index","SH.UHC.SRVS.CV.XD","","","","","","","","","","","","","","","","","","","","","","","","","","","","","","","","","","","","","","","","","69","","","","","73","","","","","75","","","","","78","","79","","79","","77","","",
"Grenada","GRD","UHC service coverage index","SH.UHC.SRVS.CV.XD","","","","","","","","","","","","","","","","","","","","","","","","","","","","","","","","","","","","","","","","","50","","","","","62","","","","","68","","","","","71","","73","","74","","70","","",
"Greenland","GRL","UHC service coverage index","SH.UHC.SRVS.CV.XD","","","","","","","","","","","","","","","","","","","","","","","","","","","","","","","","","","","","","","","","","","","","","","","","","","","","","","","","","","","","","","","","",
"Guatemala","GTM","UHC service coverage index","SH.UHC.SRVS.CV.XD","","","","","","","","","","","","","","","","","","","","","","","","","","","","","","","","","","","","","","","","","40","","","","","50","","","","","58","","","","","60","","58","","61","","59","","",
"Guam","GUM","UHC service coverage index","SH.UHC.SRVS.CV.XD","","","","","","","","","","","","","","","","","","","","","","","","","","","","","","","","","","","","","","","","","","","","","","","","","","","","","","","","","","","","","","","","",
"Guyana","GUY","UHC service coverage index","SH.UHC.SRVS.CV.XD","","","","","","","","","","","","","","","","","","","","","","","","","","","","","","","","","","","","","","","","","45","","","","","59","","","","","65","","","","","75","","77","","77","","76","","",
"High income","HIC","UHC service coverage index","SH.UHC.SRVS.CV.XD","","","","","","","","","","","","","","","","","","","","","","","","","","","","","","","","","","","","","","","","","75","","","","","79","","","","","81","","","","","84","","84","","85","","85","","",
"Hong Kong SAR, China","HKG","UHC service coverage index","SH.UHC.SRVS.CV.XD","","","","","","","","","","","","","","","","","","","","","","","","","","","","","","","","","","","","","","","","","","","","","","","","","","","","","","","","","","","","","","","","",
"Honduras","HND","UHC service coverage index","SH.UHC.SRVS.CV.XD","","","","","","","","","","","","","","","","","","","","","","","","","","","","","","","","","","","","","","","","","42","","","","","52","","","","","58","","","","","65","","65","","66","","64","","",
"Heavily indebted poor countries (HIPC)","HPC","UHC service coverage index","SH.UHC.SRVS.CV.XD","","","","","","","","","","","","","","","","","","","","","","","","","","","","","","","","","","","","","","","","","","","","","","","","","","","","","","","","","","","","","","","","",
"Croatia","HRV","UHC service coverage index","SH.UHC.SRVS.CV.XD","","","","","","","","","","","","","","","","","","","","","","","","","","","","","","","","","","","","","","","","","71","","","","","74","","","","","77","","","","","78","","79","","80","","80","","",
"Haiti","HTI","UHC service coverage index","SH.UHC.SRVS.CV.XD","","","","","","","","","","","","","","","","","","","","","","","","","","","","","","","","","","","","","","","","","27","","","","","33","","","","","42","","","","","51","","53","","53","","54","","",
"Hungary","HUN","UHC service coverage index","SH.UHC.SRVS.CV.XD","","","","","","","","","","","","","","","","","","","","","","","","","","","","","","","","","","","","","","","","","70","","","","","72","","","","","73","","","","","78","","79","","79","","79","","",
"IBRD only","IBD","UHC service coverage index","SH.UHC.SRVS.CV.XD","","","","","","","","","","","","","","","","","","","","","","","","","","","","","","","","","","","","","","","","","","","","","","","","","","","","","","","","","","","","","","","","",
"IDA & IBRD total","IBT","UHC service coverage index","SH.UHC.SRVS.CV.XD","","","","","","","","","","","","","","","","","","","","","","","","","","","","","","","","","","","","","","","","","","","","","","","","","","","","","","","","","","","","","","","","",
"IDA total","IDA","UHC service coverage index","SH.UHC.SRVS.CV.XD","","","","","","","","","","","","","","","","","","","","","","","","","","","","","","","","","","","","","","","","","","","","","","","","","","","","","","","","","","","","","","","","",
"IDA blend","IDB","UHC service coverage index","SH.UHC.SRVS.CV.XD","","","","","","","","","","","","","","","","","","","","","","","","","","","","","","","","","","","","","","","","","","","","","","","","","","","","","","","","","","","","","","","","",
"Indonesia","IDN","UHC service coverage index","SH.UHC.SRVS.CV.XD","","","","","","","","","","","","","","","","","","","","","","","","","","","","","","","","","","","","","","","","","29","","","","","34","","","","","42","","","","","50","","54","","56","","55","","",
"IDA only","IDX","UHC service coverage index","SH.UHC.SRVS.CV.XD","","","","","","","","","","","","","","","","","","","","","","","","","","","","","","","","","","","","","","","","","","","","","","","","","","","","","","","","","","","","","","","","",
"Isle of Man","IMN","UHC service coverage index","SH.UHC.SRVS.CV.XD","","","","","","","","","","","","","","","","","","","","","","","","","","","","","","","","","","","","","","","","","","","","","","","","","","","","","","","","","","","","","","","","",
"India","IND","UHC service coverage index","SH.UHC.SRVS.CV.XD","","","","","","","","","","","","","","","","","","","","","","","","","","","","","","","","","","","","","","","","","30","","","","","34","","","","","49","","","","","57","","60","","64","","63","","",
"Not classified","INX","UHC service coverage index","SH.UHC.SRVS.CV.XD","","","","","","","","","","","","","","","","","","","","","","","","","","","","","","","","","","","","","","","","","","","","","","","","","","","","","","","","","","","","","","","","",
"Ireland","IRL","UHC service coverage index","SH.UHC.SRVS.CV.XD","","","","","","","","","","","","","","","","","","","","","","","","","","","","","","","","","","","","","","","","","72","","","","","76","","","","","77","","","","","82","","82","","82","","83","","",
"Iran, Islamic Rep.","IRN","UHC service coverage index","SH.UHC.SRVS.CV.XD","","","","","","","","","","","","","","","","","","","","","","","","","","","","","","","","","","","","","","","","","50","","","","","50","","","","","54","","","","","68","","72","","75","","74","","",
"Iraq","IRQ","UHC service coverage index","SH.UHC.SRVS.CV.XD","","","","","","","","","","","","","","","","","","","","","","","","","","","","","","","","","","","","","","","","","52","","","","","53","","","","","53","","","","","56","","57","","58","","59","","",
"Iceland","ISL","UHC service coverage index","SH.UHC.SRVS.CV.XD","","","","","","","","","","","","","","","","","","","","","","","","","","","","","","","","","","","","","","","","","78","","","","","83","","","","","85","","","","","87","","87","","89","","89","","",
"Israel","ISR","UHC service coverage index","SH.UHC.SRVS.CV.XD","","","","","","","","","","","","","","","","","","","","","","","","","","","","","","","","","","","","","","","","","72","","","","","76","","","","","79","","","","","82","","84","","85","","85","","",
"Italy","ITA","UHC service coverage index","SH.UHC.SRVS.CV.XD","","","","","","","","","","","","","","","","","","","","","","","","","","","","","","","","","","","","","","","","","70","","","","","76","","","","","80","","","","","83","","84","","85","","84","","",
"Jamaica","JAM","UHC service coverage index","SH.UHC.SRVS.CV.XD","","","","","","","","","","","","","","","","","","","","","","","","","","","","","","","","","","","","","","","","","48","","","","","59","","","","","66","","","","","74","","75","","77","","74","","",
"Jordan","JOR","UHC service coverage index","SH.UHC.SRVS.CV.XD","","","","","","","","","","","","","","","","","","","","","","","","","","","","","","","","","","","","","","","","","65","","","","","68","","","","","72","","","","","70","","70","","67","","65","","",
"Japan","JPN","UHC service coverage index","SH.UHC.SRVS.CV.XD","","","","","","","","","","","","","","","","","","","","","","","","","","","","","","","","","","","","","","","","","70","","","","","76","","","","","80","","","","","83","","84","","83","","83","","",
"Kazakhstan","KAZ","UHC service coverage index","SH.UHC.SRVS.CV.XD","","","","","","","","","","","","","","","","","","","","","","","","","","","","","","","","","","","","","","","","","56","","","","","64","","","","","70","","","","","77","","79","","82","","80","","",
"Kenya","KEN","UHC service coverage index","SH.UHC.SRVS.CV.XD","","","","","","","","","","","","","","","","","","","","","","","","","","","","","","","","","","","","","","","","","28","","","","","34","","","","","44","","","","","50","","52","","51","","53","","",
"Kyrgyz Republic","KGZ","UHC service coverage index","SH.UHC.SRVS.CV.XD","","","","","","","","","","","","","","","","","","","","","","","","","","","","","","","","","","","","","","","","","51","","","","","55","","","","","59","","","","","69","","71","","71","","69","","",
"Cambodia","KHM","UHC service coverage index","SH.UHC.SRVS.CV.XD","","","","","","","","","","","","","","","","","","","","","","","","","","","","","","","","","","","","","","","","","24","","","","","37","","","","","50","","","","","56","","60","","58","","58","","",
"Kiribati","KIR","UHC service coverage index","SH.UHC.SRVS.CV.XD","","","","","","","","","","","","","","","","","","","","","","","","","","","","","","","","","","","","","","","","","28","","","","","32","","","","","41","","","","","45","","47","","48","","48","","",
"St. Kitts and Nevis","KNA","UHC service coverage index","SH.UHC.SRVS.CV.XD","","","","","","","","","","","","","","","","","","","","","","","","","","","","","","","","","","","","","","","","","53","","","","","66","","","","","72","","","","","76","","76","","77","","79","","",
"Korea, Rep.","KOR","UHC service coverage index","SH.UHC.SRVS.CV.XD","","","","","","","","","","","","","","","","","","","","","","","","","","","","","","","","","","","","","","","","","73","","","","","77","","","","","82","","","","","86","","88","","89","","89","","",
"Kuwait","KWT","UHC service coverage index","SH.UHC.SRVS.CV.XD","","","","","","","","","","","","","","","","","","","","","","","","","","","","","","","","","","","","","","","","","74","","","","","76","","","","","74","","","","","77","","78","","77","","78","","",
"Latin America & Caribbean (excluding high income)","LAC","UHC service coverage index","SH.UHC.SRVS.CV.XD","","","","","","","","","","","","","","","","","","","","","","","","","","","","","","","","","","","","","","","","","","","","","","","","","","","","","","","","","","","","","","","","",
"Lao PDR","LAO","UHC service coverage index","SH.UHC.SRVS.CV.XD","","","","","","","","","","","","","","","","","","","","","","","","","","","","","","","","","","","","","","","","","25","","","","","33","","","","","40","","","","","47","","51","","51","","52","","",
"Lebanon","LBN","UHC service coverage index","SH.UHC.SRVS.CV.XD","","","","","","","","","","","","","","","","","","","","","","","","","","","","","","","","","","","","","","","","","54","","","","","63","","","","","67","","","","","71","","73","","74","","73","","",
"Liberia","LBR","UHC service coverage index","SH.UHC.SRVS.CV.XD","","","","","","","","","","","","","","","","","","","","","","","","","","","","","","","","","","","","","","","","","20","","","","","23","","","","","33","","","","","37","","40","","43","","45","","",
"Libya","LBY","UHC service coverage index","SH.UHC.SRVS.CV.XD","","","","","","","","","","","","","","","","","","","","","","","","","","","","","","","","","","","","","","","","","55","","","","","59","","","","","62","","","","","61","","66","","64","","62","","",
"St. Lucia","LCA","UHC service coverage index","SH.UHC.SRVS.CV.XD","","","","","","","","","","","","","","","","","","","","","","","","","","","","","","","","","","","","","","","","","49","","","","","62","","","","","68","","","","","74","","74","","77","","77","","",
"Latin America & Caribbean","LCN","UHC service coverage index","SH.UHC.SRVS.CV.XD","","","","","","","","","","","","","","","","","","","","","","","","","","","","","","","","","","","","","","","","","58","","","","","65","","","","","70","","","","","77","","77","","77","","76","","",
"Least developed countries: UN classification","LDC","UHC service coverage index","SH.UHC.SRVS.CV.XD","","","","","","","","","","","","","","","","","","","","","","","","","","","","","","","","","","","","","","","","","","","","","","","","","","","","","","","","","","","","","","","","",
"Low income","LIC","UHC service coverage index","SH.UHC.SRVS.CV.XD","","","","","","","","","","","","","","","","","","","","","","","","","","","","","","","","","","","","","","","","","28","","","","","31","","","","","35","","","","","37","","41","","42","","42","","",
"Liechtenstein","LIE","UHC service coverage index","SH.UHC.SRVS.CV.XD","","","","","","","","","","","","","","","","","","","","","","","","","","","","","","","","","","","","","","","","","","","","","","","","","","","","","","","","","","","","","","","","",
"Sri Lanka","LKA","UHC service coverage index","SH.UHC.SRVS.CV.XD","","","","","","","","","","","","","","","","","","","","","","","","","","","","","","","","","","","","","","","","","44","","","","","48","","","","","55","","","","","61","","65","","66","","67","","",
"Lower middle income","LMC","UHC service coverage index","SH.UHC.SRVS.CV.XD","","","","","","","","","","","","","","","","","","","","","","","","","","","","","","","","","","","","","","","","","48","","","","","54","","","","","47","","","","","54","","56","","59","","58","","",
"Low & middle income","LMY","UHC service coverage index","SH.UHC.SRVS.CV.XD","","","","","","","","","","","","","","","","","","","","","","","","","","","","","","","","","","","","","","","","","","","","","","","","","","","","","","","","","","","","","","","","",
"Lesotho","LSO","UHC service coverage index","SH.UHC.SRVS.CV.XD","","","","","","","","","","","","","","","","","","","","","","","","","","","","","","","","","","","","","","","","","27","","","","","33","","","","","45","","","","","54","","56","","53","","53","","",
"Late-demographic dividend","LTE","UHC service coverage index","SH.UHC.SRVS.CV.XD","","","","","","","","","","","","","","","","","","","","","","","","","","","","","","","","","","","","","","","","","","","","","","","","","","","","","","","","","","","","","","","","",
"Lithuania","LTU","UHC service coverage index","SH.UHC.SRVS.CV.XD","","","","","","","","","","","","","","","","","","","","","","","","","","","","","","","","","","","","","","","","","51","","","","","57","","","","","63","","","","","70","","72","","75","","75","","",
"Luxembourg","LUX","UHC service coverage index","SH.UHC.SRVS.CV.XD","","","","","","","","","","","","","","","","","","","","","","","","","","","","","","","","","","","","","","","","","74","","","","","75","","","","","77","","","","","84","","85","","86","","83","","",
"Latvia","LVA","UHC service coverage index","SH.UHC.SRVS.CV.XD","","","","","","","","","","","","","","","","","","","","","","","","","","","","","","","","","","","","","","","","","52","","","","","58","","","","","65","","","","","70","","75","","76","","75","","",
"Macao SAR, China","MAC","UHC service coverage index","SH.UHC.SRVS.CV.XD","","","","","","","","","","","","","","","","","","","","","","","","","","","","","","","","","","","","","","","","","","","","","","","","","","","","","","","","","","","","","","","","",
"St. Martin (French part)","MAF","UHC service coverage index","SH.UHC.SRVS.CV.XD","","","","","","","","","","","","","","","","","","","","","","","","","","","","","","","","","","","","","","","","","","","","","","","","","","","","","","","","","","","","","","","","",
"Morocco","MAR","UHC service coverage index","SH.UHC.SRVS.CV.XD","","","","","","","","","","","","","","","","","","","","","","","","","","","","","","","","","","","","","","","","","41","","","","","51","","","","","58","","","","","65","","69","","68","","69","","",
"Monaco","MCO","UHC service coverage index","SH.UHC.SRVS.CV.XD","","","","","","","","","","","","","","","","","","","","","","","","","","","","","","","","","","","","","","","","","73","","","","","78","","","","","80","","","","","84","","85","","86","","86","","",
"Moldova","MDA","UHC service coverage index","SH.UHC.SRVS.CV.XD","","","","","","","","","","","","","","","","","","","","","","","","","","","","","","","","","","","","","","","","","51","","","","","54","","","","","63","","","","","70","","71","","72","","71","","",
"Madagascar","MDG","UHC service coverage index","SH.UHC.SRVS.CV.XD","","","","","","","","","","","","","","","","","","","","","","","","","","","","","","","","","","","","","","","","","17","","","","","21","","","","","25","","","","","29","","30","","33","","35","","",
"Maldives","MDV","UHC service coverage index","SH.UHC.SRVS.CV.XD","","","","","","","","","","","","","","","","","","","","","","","","","","","","","","","","","","","","","","","","","41","","","","","45","","","","","58","","","","","64","","71","","68","","61","","",
"Middle East & North Africa","MEA","UHC service coverage index","SH.UHC.SRVS.CV.XD","","","","","","","","","","","","","","","","","","","","","","","","","","","","","","","","","","","","","","","","","50","","","","","54","","","","","60","","","","","65","","67","","68","","69","","",
"Mexico","MEX","UHC service coverage index","SH.UHC.SRVS.CV.XD","","","","","","","","","","","","","","","","","","","","","","","","","","","","","","","","","","","","","","","","","56","","","","","61","","","","","66","","","","","74","","74","","74","","75","","",
"Marshall Islands","MHL","UHC service coverage index","SH.UHC.SRVS.CV.XD","","","","","","","","","","","","","","","","","","","","","","","","","","","","","","","","","","","","","","","","","42","","","","","46","","","","","57","","","","","60","","61","","61","","59","","",
"Middle income","MIC","UHC service coverage index","SH.UHC.SRVS.CV.XD","","","","","","","","","","","","","","","","","","","","","","","","","","","","","","","","","","","","","","","","","","","","","","","","","","","","","","","","","","","","","","","","",
"North Macedonia","MKD","UHC service coverage index","SH.UHC.SRVS.CV.XD","","","","","","","","","","","","","","","","","","","","","","","","","","","","","","","","","","","","","","","","","58","","","","","58","","","","","64","","","","","73","","74","","74","","74","","",
"Mali","MLI","UHC service coverage index","SH.UHC.SRVS.CV.XD","","","","","","","","","","","","","","","","","","","","","","","","","","","","","","","","","","","","","","","","","20","","","","","24","","","","","35","","","","","36","","38","","40","","41","","",
"Malta","MLT","UHC service coverage index","SH.UHC.SRVS.CV.XD","","","","","","","","","","","","","","","","","","","","","","","","","","","","","","","","","","","","","","","","","75","","","","","77","","","","","79","","","","","85","","85","","83","","85","","",
"Myanmar","MMR","UHC service coverage index","SH.UHC.SRVS.CV.XD","","","","","","","","","","","","","","","","","","","","","","","","","","","","","","","","","","","","","","","","","25","","","","","32","","","","","45","","","","","53","","54","","60","","52","","",
"Middle East & North Africa (excluding high income)","MNA","UHC service coverage index","SH.UHC.SRVS.CV.XD","","","","","","","","","","","","","","","","","","","","","","","","","","","","","","","","","","","","","","","","","","","","","","","","","","","","","","","","","","","","","","","","",
"Montenegro","MNE","UHC service coverage index","SH.UHC.SRVS.CV.XD","","","","","","","","","","","","","","","","","","","","","","","","","","","","","","","","","","","","","","","","","60","","","","","64","","","","","67","","","","","69","","71","","72","","72","","",
"Mongolia","MNG","UHC service coverage index","SH.UHC.SRVS.CV.XD","","","","","","","","","","","","","","","","","","","","","","","","","","","","","","","","","","","","","","","","","46","","","","","49","","","","","59","","","","","66","","67","","67","","65","","",
"Northern Mariana Islands","MNP","UHC service coverage index","SH.UHC.SRVS.CV.XD","","","","","","","","","","","","","","","","","","","","","","","","","","","","","","","","","","","","","","","","","","","","","","","","","","","","","","","","","","","","","","","","",
"Mozambique","MOZ","UHC service coverage index","SH.UHC.SRVS.CV.XD","","","","","","","","","","","","","","","","","","","","","","","","","","","","","","","","","","","","","","","","","20","","","","","23","","","","","31","","","","","40","","43","","43","","44","","",
"Mauritania","MRT","UHC service coverage index","SH.UHC.SRVS.CV.XD","","","","","","","","","","","","","","","","","","","","","","","","","","","","","","","","","","","","","","","","","21","","","","","25","","","","","32","","","","","33","","39","","36","","40","","",
"Mauritius","MUS","UHC service coverage index","SH.UHC.SRVS.CV.XD","","","","","","","","","","","","","","","","","","","","","","","","","","","","","","","","","","","","","","","","","49","","","","","53","","","","","59","","","","","67","","68","","68","","66","","",
"Malawi","MWI","UHC service coverage index","SH.UHC.SRVS.CV.XD","","","","","","","","","","","","","","","","","","","","","","","","","","","","","","","","","","","","","","","","","22","","","","","28","","","","","38","","","","","42","","48","","48","","48","","",
"Malaysia","MYS","UHC service coverage index","SH.UHC.SRVS.CV.XD","","","","","","","","","","","","","","","","","","","","","","","","","","","","","","","","","","","","","","","","","52","","","","","64","","","","","69","","","","","75","","77","","78","","76","","",
"North America","NAC","UHC service coverage index","SH.UHC.SRVS.CV.XD","","","","","","","","","","","","","","","","","","","","","","","","","","","","","","","","","","","","","","","","","78","","","","","81","","","","","83","","","","","85","","86","","86","","86","","",
"Namibia","NAM","UHC service coverage index","SH.UHC.SRVS.CV.XD","","","","","","","","","","","","","","","","","","","","","","","","","","","","","","","","","","","","","","","","","39","","","","","49","","","","","57","","","","","63","","63","","62","","63","","",
"New Caledonia","NCL","UHC service coverage index","SH.UHC.SRVS.CV.XD","","","","","","","","","","","","","","","","","","","","","","","","","","","","","","","","","","","","","","","","","","","","","","","","","","","","","","","","","","","","","","","","",
"Niger","NER","UHC service coverage index","SH.UHC.SRVS.CV.XD","","","","","","","","","","","","","","","","","","","","","","","","","","","","","","","","","","","","","","","","","15","","","","","19","","","","","30","","","","","32","","33","","34","","35","","",
"Nigeria","NGA","UHC service coverage index","SH.UHC.SRVS.CV.XD","","","","","","","","","","","","","","","","","","","","","","","","","","","","","","","","","","","","","","","","","20","","","","","24","","","","","34","","","","","39","","39","","43","","38","","",
"Nicaragua","NIC","UHC service coverage index","SH.UHC.SRVS.CV.XD","","","","","","","","","","","","","","","","","","","","","","","","","","","","","","","","","","","","","","","","","47","","","","","53","","","","","66","","","","","71","","73","","73","","70","","",
"Netherlands","NLD","UHC service coverage index","SH.UHC.SRVS.CV.XD","","","","","","","","","","","","","","","","","","","","","","","","","","","","","","","","","","","","","","","","","75","","","","","78","","","","","80","","","","","84","","85","","85","","85","","",
"Norway","NOR","UHC service coverage index","SH.UHC.SRVS.CV.XD","","","","","","","","","","","","","","","","","","","","","","","","","","","","","","","","","","","","","","","","","72","","","","","81","","","","","84","","","","","86","","86","","86","","87","","",
"Nepal","NPL","UHC service coverage index","SH.UHC.SRVS.CV.XD","","","","","","","","","","","","","","","","","","","","","","","","","","","","","","","","","","","","","","","","","20","","","","","25","","","","","37","","","","","47","","45","","50","","54","","",
"Nauru","NRU","UHC service coverage index","SH.UHC.SRVS.CV.XD","","","","","","","","","","","","","","","","","","","","","","","","","","","","","","","","","","","","","","","","","35","","","","","40","","","","","52","","","","","57","","59","","60","","60","","",
"New Zealand","NZL","UHC service coverage index","SH.UHC.SRVS.CV.XD","","","","","","","","","","","","","","","","","","","","","","","","","","","","","","","","","","","","","","","","","75","","","","","80","","","","","82","","","","","85","","86","","85","","85","","",
"OECD members","OED","UHC service coverage index","SH.UHC.SRVS.CV.XD","","","","","","","","","","","","","","","","","","","","","","","","","","","","","","","","","","","","","","","","","","","","","","","","","","","","","","","","","","","","","","","","",
"Oman","OMN","UHC service coverage index","SH.UHC.SRVS.CV.XD","","","","","","","","","","","","","","","","","","","","","","","","","","","","","","","","","","","","","","","","","61","","","","","62","","","","","67","","","","","69","","69","","70","","70","","",
"Other small states","OSS","UHC service coverage index","SH.UHC.SRVS.CV.XD","","","","","","","","","","","","","","","","","","","","","","","","","","","","","","","","","","","","","","","","","","","","","","","","","","","","","","","","","","","","","","","","",
"Pakistan","PAK","UHC service coverage index","SH.UHC.SRVS.CV.XD","","","","","","","","","","","","","","","","","","","","","","","","","","","","","","","","","","","","","","","","","22","","","","","28","","","","","33","","","","","40","","43","","44","","45","","",
"Panama","PAN","UHC service coverage index","SH.UHC.SRVS.CV.XD","","","","","","","","","","","","","","","","","","","","","","","","","","","","","","","","","","","","","","","","","62","","","","","67","","","","","72","","","","","75","","77","","79","","78","","",
"Peru","PER","UHC service coverage index","SH.UHC.SRVS.CV.XD","","","","","","","","","","","","","","","","","","","","","","","","","","","","","","","","","","","","","","","","","48","","","","","59","","","","","70","","","","","76","","75","","75","","71","","",
"Philippines","PHL","UHC service coverage index","SH.UHC.SRVS.CV.XD","","","","","","","","","","","","","","","","","","","","","","","","","","","","","","","","","","","","","","","","","36","","","","","38","","","","","48","","","","","57","","60","","60","","58","","",
"Palau","PLW","UHC service coverage index","SH.UHC.SRVS.CV.XD","","","","","","","","","","","","","","","","","","","","","","","","","","","","","","","","","","","","","","","","","47","","","","","49","","","","","58","","","","","65","","67","","66","","65","","",
"Papua New Guinea","PNG","UHC service coverage index","SH.UHC.SRVS.CV.XD","","","","","","","","","","","","","","","","","","","","","","","","","","","","","","","","","","","","","","","","","25","","","","","26","","","","","33","","","","","36","","33","","30","","30","","",
"Poland","POL","UHC service coverage index","SH.UHC.SRVS.CV.XD","","","","","","","","","","","","","","","","","","","","","","","","","","","","","","","","","","","","","","","","","66","","","","","71","","","","","75","","","","","80","","82","","82","","82","","",
"Pre-demographic dividend","PRE","UHC service coverage index","SH.UHC.SRVS.CV.XD","","","","","","","","","","","","","","","","","","","","","","","","","","","","","","","","","","","","","","","","","","","","","","","","","","","","","","","","","","","","","","","","",
"Puerto Rico","PRI","UHC service coverage index","SH.UHC.SRVS.CV.XD","","","","","","","","","","","","","","","","","","","","","","","","","","","","","","","","","","","","","","","","","","","","","","","","","","","","","","","","","","","","","","","","",
"Korea, Dem. People's Rep.","PRK","UHC service coverage index","SH.UHC.SRVS.CV.XD","","","","","","","","","","","","","","","","","","","","","","","","","","","","","","","","","","","","","","","","","46","","","","","49","","","","","53","","","","","43","","73","","72","","68","","",
"Portugal","PRT","UHC service coverage index","SH.UHC.SRVS.CV.XD","","","","","","","","","","","","","","","","","","","","","","","","","","","","","","","","","","","","","","","","","74","","","","","80","","","","","84","","","","","87","","88","","87","","88","","",
"Paraguay","PRY","UHC service coverage index","SH.UHC.SRVS.CV.XD","","","","","","","","","","","","","","","","","","","","","","","","","","","","","","","","","","","","","","","","","48","","","","","59","","","","","68","","","","","72","","73","","74","","72","","",
"West Bank and Gaza","PSE","UHC service coverage index","SH.UHC.SRVS.CV.XD","","","","","","","","","","","","","","","","","","","","","","","","","","","","","","","","","","","","","","","","","","","","","","","","","","","","","","","","","","","","","","","","",
"Pacific island small states","PSS","UHC service coverage index","SH.UHC.SRVS.CV.XD","","","","","","","","","","","","","","","","","","","","","","","","","","","","","","","","","","","","","","","","","","","","","","","","","","","","","","","","","","","","","","","","",
"Post-demographic dividend","PST","UHC service coverage index","SH.UHC.SRVS.CV.XD","","","","","","","","","","","","","","","","","","","","","","","","","","","","","","","","","","","","","","","","","","","","","","","","","","","","","","","","","","","","","","","","",
"French Polynesia","PYF","UHC service coverage index","SH.UHC.SRVS.CV.XD","","","","","","","","","","","","","","","","","","","","","","","","","","","","","","","","","","","","","","","","","","","","","","","","","","","","","","","","","","","","","","","","",
"Qatar","QAT","UHC service coverage index","SH.UHC.SRVS.CV.XD","","","","","","","","","","","","","","","","","","","","","","","","","","","","","","","","","","","","","","","","","52","","","","","54","","","","","67","","","","","73","","72","","75","","76","","",
"Romania","ROU","UHC service coverage index","SH.UHC.SRVS.CV.XD","","","","","","","","","","","","","","","","","","","","","","","","","","","","","","","","","","","","","","","","","69","","","","","72","","","","","74","","","","","78","","78","","79","","78","","",
"Russian Federation","RUS","UHC service coverage index","SH.UHC.SRVS.CV.XD","","","","","","","","","","","","","","","","","","","","","","","","","","","","","","","","","","","","","","","","","54","","","","","50","","","","","70","","","","","74","","77","","79","","79","","",
"Rwanda","RWA","UHC service coverage index","SH.UHC.SRVS.CV.XD","","","","","","","","","","","","","","","","","","","","","","","","","","","","","","","","","","","","","","","","","19","","","","","26","","","","","39","","","","","44","","48","","47","","49","","",
"South Asia","SAS","UHC service coverage index","SH.UHC.SRVS.CV.XD","","","","","","","","","","","","","","","","","","","","","","","","","","","","","","","","","","","","","","","","","28","","","","","33","","","","","45","","","","","54","","57","","59","","59","","",
"Saudi Arabia","SAU","UHC service coverage index","SH.UHC.SRVS.CV.XD","","","","","","","","","","","","","","","","","","","","","","","","","","","","","","","","","","","","","","","","","65","","","","","67","","","","","69","","","","","71","","73","","72","","74","","",
"Sudan","SDN","UHC service coverage index","SH.UHC.SRVS.CV.XD","","","","","","","","","","","","","","","","","","","","","","","","","","","","","","","","","","","","","","","","","25","","","","","27","","","","","36","","","","","43","","45","","45","","44","","",
"Senegal","SEN","UHC service coverage index","SH.UHC.SRVS.CV.XD","","","","","","","","","","","","","","","","","","","","","","","","","","","","","","","","","","","","","","","","","21","","","","","25","","","","","37","","","","","45","","49","","51","","50","","",
"Singapore","SGP","UHC service coverage index","SH.UHC.SRVS.CV.XD","","","","","","","","","","","","","","","","","","","","","","","","","","","","","","","","","","","","","","","","","64","","","","","70","","","","","82","","","","","87","","88","","88","","89","","",
"Solomon Islands","SLB","UHC service coverage index","SH.UHC.SRVS.CV.XD","","","","","","","","","","","","","","","","","","","","","","","","","","","","","","","","","","","","","","","","","31","","","","","32","","","","","40","","","","","45","","47","","46","","47","","",
"Sierra Leone","SLE","UHC service coverage index","SH.UHC.SRVS.CV.XD","","","","","","","","","","","","","","","","","","","","","","","","","","","","","","","","","","","","","","","","","14","","","","","16","","","","","27","","","","","35","","39","","38","","41","","",
"El Salvador","SLV","UHC service coverage index","SH.UHC.SRVS.CV.XD","","","","","","","","","","","","","","","","","","","","","","","","","","","","","","","","","","","","","","","","","52","","","","","65","","","","","73","","","","","77","","78","","78","","78","","",
"San Marino","SMR","UHC service coverage index","SH.UHC.SRVS.CV.XD","","","","","","","","","","","","","","","","","","","","","","","","","","","","","","","","","","","","","","","","","69","","","","","73","","","","","75","","","","","79","","81","","77","","77","","",
"Somalia","SOM","UHC service coverage index","SH.UHC.SRVS.CV.XD","","","","","","","","","","","","","","","","","","","","","","","","","","","","","","","","","","","","","","","","","11","","","","","12","","","","","17","","","","","21","","25","","26","","27","","",
"Serbia","SRB","UHC service coverage index","SH.UHC.SRVS.CV.XD","","","","","","","","","","","","","","","","","","","","","","","","","","","","","","","","","","","","","","","","","44","","","","","63","","","","","63","","","","","72","","73","","77","","72","","",
"Sub-Saharan Africa (excluding high income)","SSA","UHC service coverage index","SH.UHC.SRVS.CV.XD","","","","","","","","","","","","","","","","","","","","","","","","","","","","","","","","","","","","","","","","","","","","","","","","","","","","","","","","","","","","","","","","",
"South Sudan","SSD","UHC service coverage index","SH.UHC.SRVS.CV.XD","","","","","","","","","","","","","","","","","","","","","","","","","","","","","","","","","","","","","","","","","18","","","","","19","","","","","23","","","","","27","","30","","31","","34","","",
"Sub-Saharan Africa","SSF","UHC service coverage index","SH.UHC.SRVS.CV.XD","","","","","","","","","","","","","","","","","","","","","","","","","","","","","","","","","","","","","","","","","22","","","","","26","","","","","35","","","","","41","","42","","43","","43","","",
"Small states","SST","UHC service coverage index","SH.UHC.SRVS.CV.XD","","","","","","","","","","","","","","","","","","","","","","","","","","","","","","","","","","","","","","","","","","","","","","","","","","","","","","","","","","","","","","","","",
"Sao Tome and Principe","STP","UHC service coverage index","SH.UHC.SRVS.CV.XD","","","","","","","","","","","","","","","","","","","","","","","","","","","","","","","","","","","","","","","","","33","","","","","37","","","","","47","","","","","52","","55","","60","","59","","",
"Suriname","SUR","UHC service coverage index","SH.UHC.SRVS.CV.XD","","","","","","","","","","","","","","","","","","","","","","","","","","","","","","","","","","","","","","","","","45","","","","","58","","","","","65","","","","","71","","72","","72","","63","","",
"Slovak Republic","SVK","UHC service coverage index","SH.UHC.SRVS.CV.XD","","","","","","","","","","","","","","","","","","","","","","","","","","","","","","","","","","","","","","","","","65","","","","","73","","","","","76","","","","","82","","84","","82","","82","","",
"Slovenia","SVN","UHC service coverage index","SH.UHC.SRVS.CV.XD","","","","","","","","","","","","","","","","","","","","","","","","","","","","","","","","","","","","","","","","","73","","","","","74","","","","","77","","","","","81","","83","","85","","84","","",
"Sweden","SWE","UHC service coverage index","SH.UHC.SRVS.CV.XD","","","","","","","","","","","","","","","","","","","","","","","","","","","","","","","","","","","","","","","","","72","","","","","76","","","","","81","","","","","84","","85","","85","","85","","",
"Eswatini","SWZ","UHC service coverage index","SH.UHC.SRVS.CV.XD","","","","","","","","","","","","","","","","","","","","","","","","","","","","","","","","","","","","","","","","","36","","","","","44","","","","","51","","","","","55","","60","","58","","56","","",
"Sint Maarten (Dutch part)","SXM","UHC service coverage index","SH.UHC.SRVS.CV.XD","","","","","","","","","","","","","","","","","","","","","","","","","","","","","","","","","","","","","","","","","","","","","","","","","","","","","","","","","","","","","","","","",
"Seychelles","SYC","UHC service coverage index","SH.UHC.SRVS.CV.XD","","","","","","","","","","","","","","","","","","","","","","","","","","","","","","","","","","","","","","","","","44","","","","","48","","","","","59","","","","","73","","75","","74","","75","","",
"Syrian Arab Republic","SYR","UHC service coverage index","SH.UHC.SRVS.CV.XD","","","","","","","","","","","","","","","","","","","","","","","","","","","","","","","","","","","","","","","","","46","","","","","52","","","","","58","","","","","60","","62","","62","","64","","",
"Turks and Caicos Islands","TCA","UHC service coverage index","SH.UHC.SRVS.CV.XD","","","","","","","","","","","","","","","","","","","","","","","","","","","","","","","","","","","","","","","","","","","","","","","","","","","","","","","","","","","","","","","","",
"Chad","TCD","UHC service coverage index","SH.UHC.SRVS.CV.XD","","","","","","","","","","","","","","","","","","","","","","","","","","","","","","","","","","","","","","","","","15","","","","","16","","","","","22","","","","","27","","28","","27","","29","","",
"East Asia & Pacific (IDA & IBRD countries)","TEA","UHC service coverage index","SH.UHC.SRVS.CV.XD","","","","","","","","","","","","","","","","","","","","","","","","","","","","","","","","","","","","","","","","","","","","","","","","","","","","","","","","","","","","","","","","",
"Europe & Central Asia (IDA & IBRD countries)","TEC","UHC service coverage index","SH.UHC.SRVS.CV.XD","","","","","","","","","","","","","","","","","","","","","","","","","","","","","","","","","","","","","","","","","","","","","","","","","","","","","","","","","","","","","","","","",
"Togo","TGO","UHC service coverage index","SH.UHC.SRVS.CV.XD","","","","","","","","","","","","","","","","","","","","","","","","","","","","","","","","","","","","","","","","","19","","","","","25","","","","","30","","","","","40","","43","","41","","44","","",
"Thailand","THA","UHC service coverage index","SH.UHC.SRVS.CV.XD","","","","","","","","","","","","","","","","","","","","","","","","","","","","","","","","","","","","","","","","","43","","","","","59","","","","","68","","","","","76","","81","","82","","82","","",
"Tajikistan","TJK","UHC service coverage index","SH.UHC.SRVS.CV.XD","","","","","","","","","","","","","","","","","","","","","","","","","","","","","","","","","","","","","","","","","42","","","","","46","","","","","58","","","","","68","","69","","70","","67","","",
"Turkmenistan","TKM","UHC service coverage index","SH.UHC.SRVS.CV.XD","","","","","","","","","","","","","","","","","","","","","","","","","","","","","","","","","","","","","","","","","54","","","","","62","","","","","68","","","","","72","","73","","74","","75","","",
"Latin America & the Caribbean (IDA & IBRD countries)","TLA","UHC service coverage index","SH.UHC.SRVS.CV.XD","","","","","","","","","","","","","","","","","","","","","","","","","","","","","","","","","","","","","","","","","","","","","","","","","","","","","","","","","","","","","","","","",
"Timor-Leste","TLS","UHC service coverage index","SH.UHC.SRVS.CV.XD","","","","","","","","","","","","","","","","","","","","","","","","","","","","","","","","","","","","","","","","","28","","","","","31","","","","","41","","","","","47","","50","","50","","52","","",
"Middle East & North Africa (IDA & IBRD countries)","TMN","UHC service coverage index","SH.UHC.SRVS.CV.XD","","","","","","","","","","","","","","","","","","","","","","","","","","","","","","","","","","","","","","","","","","","","","","","","","","","","","","","","","","","","","","","","",
"Tonga","TON","UHC service coverage index","SH.UHC.SRVS.CV.XD","","","","","","","","","","","","","","","","","","","","","","","","","","","","","","","","","","","","","","","","","43","","","","","45","","","","","53","","","","","54","","56","","57","","57","","",
"South Asia (IDA & IBRD)","TSA","UHC service coverage index","SH.UHC.SRVS.CV.XD","","","","","","","","","","","","","","","","","","","","","","","","","","","","","","","","","","","","","","","","","","","","","","","","","","","","","","","","","","","","","","","","",
"Sub-Saharan Africa (IDA & IBRD countries)","TSS","UHC service coverage index","SH.UHC.SRVS.CV.XD","","","","","","","","","","","","","","","","","","","","","","","","","","","","","","","","","","","","","","","","","","","","","","","","","","","","","","","","","","","","","","","","",
"Trinidad and Tobago","TTO","UHC service coverage index","SH.UHC.SRVS.CV.XD","","","","","","","","","","","","","","","","","","","","","","","","","","","","","","","","","","","","","","","","","53","","","","","66","","","","","72","","","","","77","","77","","76","","75","","",
"Tunisia","TUN","UHC service coverage index","SH.UHC.SRVS.CV.XD","","","","","","","","","","","","","","","","","","","","","","","","","","","","","","","","","","","","","","","","","44","","","","","58","","","","","61","","","","","63","","65","","68","","67","","",
"Turkiye","TUR","UHC service coverage index","SH.UHC.SRVS.CV.XD","","","","","","","","","","","","","","","","","","","","","","","","","","","","","","","","","","","","","","","","","57","","","","","64","","","","","66","","","","","76","","77","","77","","76","","",
"Tuvalu","TUV","UHC service coverage index","SH.UHC.SRVS.CV.XD","","","","","","","","","","","","","","","","","","","","","","","","","","","","","","","","","","","","","","","","","37","","","","","40","","","","","49","","","","","52","","52","","52","","52","","",
"Tanzania","TZA","UHC service coverage index","SH.UHC.SRVS.CV.XD","","","","","","","","","","","","","","","","","","","","","","","","","","","","","","","","","","","","","","","","","20","","","","","23","","","","","33","","","","","38","","40","","42","","43","","",
"Uganda","UGA","UHC service coverage index","SH.UHC.SRVS.CV.XD","","","","","","","","","","","","","","","","","","","","","","","","","","","","","","","","","","","","","","","","","22","","","","","28","","","","","36","","","","","43","","46","","48","","49","","",
"Ukraine","UKR","UHC service coverage index","SH.UHC.SRVS.CV.XD","","","","","","","","","","","","","","","","","","","","","","","","","","","","","","","","","","","","","","","","","53","","","","","54","","","","","65","","","","","69","","71","","77","","76","","",
"Upper middle income","UMC","UHC service coverage index","SH.UHC.SRVS.CV.XD","","","","","","","","","","","","","","","","","","","","","","","","","","","","","","","","","","","","","","","","","62","","","","","61","","","","","67","","","","","75","","77","","77","","79","","",
"Uruguay","URY","UHC service coverage index","SH.UHC.SRVS.CV.XD","","","","","","","","","","","","","","","","","","","","","","","","","","","","","","","","","","","","","","","","","65","","","","","70","","","","","78","","","","","81","","82","","83","","82","","",
"United States","USA","UHC service coverage index","SH.UHC.SRVS.CV.XD","","","","","","","","","","","","","","","","","","","","","","","","","","","","","","","","","","","","","","","","","78","","","","","81","","","","","83","","","","","85","","86","","85","","86","","",
"Uzbekistan","UZB","UHC service coverage index","SH.UHC.SRVS.CV.XD","","","","","","","","","","","","","","","","","","","","","","","","","","","","","","","","","","","","","","","","","55","","","","","56","","","","","68","","","","","73","","74","","75","","75","","",
"St. Vincent and the Grenadines","VCT","UHC service coverage index","SH.UHC.SRVS.CV.XD","","","","","","","","","","","","","","","","","","","","","","","","","","","","","","","","","","","","","","","","","49","","","","","61","","","","","68","","","","","72","","76","","76","","69","","",
"Venezuela, RB","VEN","UHC service coverage index","SH.UHC.SRVS.CV.XD","","","","","","","","","","","","","","","","","","","","","","","","","","","","","","","","","","","","","","","","","49","","","","","60","","","","","67","","","","","77","","75","","74","","75","","",
"British Virgin Islands","VGB","UHC service coverage index","SH.UHC.SRVS.CV.XD","","","","","","","","","","","","","","","","","","","","","","","","","","","","","","","","","","","","","","","","","","","","","","","","","","","","","","","","","","","","","","","","",
"Virgin Islands (U.S.)","VIR","UHC service coverage index","SH.UHC.SRVS.CV.XD","","","","","","","","","","","","","","","","","","","","","","","","","","","","","","","","","","","","","","","","","","","","","","","","","","","","","","","","","","","","","","","","",
"Viet Nam","VNM","UHC service coverage index","SH.UHC.SRVS.CV.XD","","","","","","","","","","","","","","","","","","","","","","","","","","","","","","","","","","","","","","","","","37","","","","","44","","","","","59","","","","","68","","70","","69","","68","","",
"Vanuatu","VUT","UHC service coverage index","SH.UHC.SRVS.CV.XD","","","","","","","","","","","","","","","","","","","","","","","","","","","","","","","","","","","","","","","","","31","","","","","31","","","","","38","","","","","45","","44","","46","","47","","",
"World","WLD","UHC service coverage index","SH.UHC.SRVS.CV.XD","","","","","","","","","","","","","","","","","","","","","","","","","","","","","","","","","","","","","","","","","45","","","","","50","","","","","58","","","","","65","","67","","68","","68","","",
"Samoa","WSM","UHC service coverage index","SH.UHC.SRVS.CV.XD","","","","","","","","","","","","","","","","","","","","","","","","","","","","","","","","","","","","","","","","","41","","","","","39","","","","","48","","","","","53","","54","","55","","55","","",
"Kosovo","XKX","UHC service coverage index","SH.UHC.SRVS.CV.XD","","","","","","","","","","","","","","","","","","","","","","","","","","","","","","","","","","","","","","","","","","","","","","","","","","","","","","","","","","","","","","","","",
"Yemen, Rep.","YEM","UHC service coverage index","SH.UHC.SRVS.CV.XD","","","","","","","","","","","","","","","","","","","","","","","","","","","","","","","","","","","","","","","","","28","","","","","30","","","","","39","","","","","39","","41","","42","","42","","",
"South Africa","ZAF","UHC service coverage index","SH.UHC.SRVS.CV.XD","","","","","","","","","","","","","","","","","","","","","","","","","","","","","","","","","","","","","","","","","43","","","","","51","","","","","63","","","","","70","","71","","71","","71","","",
"Zambia","ZMB","UHC service coverage index","SH.UHC.SRVS.CV.XD","","","","","","","","","","","","","","","","","","","","","","","","","","","","","","","","","","","","","","","","","28","","","","","34","","","","","45","","","","","52","","53","","54","","56","","",
"Zimbabwe","ZWE","UHC service coverage index","SH.UHC.SRVS.CV.XD","","","","","","","","","","","","","","","","","","","","","","","","","","","","","","","","","","","","","","","","","30","","","","","31","","","","","46","","","","","56","","57","","55","","55","","",
